word,count,percentage,sentiment
terrorist,1,0.02,-0.691
terrorism,3,0.06,-0.681
disaster,1,0.02,-0.625
war,3,0.06,-0.599
negative,4,0.08,-0.572
disasters,6,0.12,-0.557
suffer,2,0.04,-0.542
harm,4,0.08,-0.542
violated,1,0.02,-0.527
violations,2,0.04,-0.527
worsen,1,0.02,-0.511
failure,9,0.18,-0.511
punitive,1,0.02,-0.511
violate,1,0.02,-0.494
damage,2,0.04,-0.494
poor,3,0.06,-0.477
infringement,4,0.08,-0.477
accident,1,0.02,-0.477
gross,7,0.14,-0.477
failures,6,0.12,-0.459
damages,3,0.06,-0.44
unemployment,1,0.02,-0.44
attacks,2,0.04,-0.44
fails,4,0.08,-0.421
injury,1,0.02,-0.421
recession,1,0.02,-0.421
weaken,1,0.02,-0.421
inadequate,2,0.04,-0.402
inability,1,0.02,-0.402
problems,2,0.04,-0.402
interruptions,3,0.06,-0.402
tensions,1,0.02,-0.402
defects,7,0.14,-0.402
lose,2,0.04,-0.402
losses,11,0.22,-0.402
error,2,0.04,-0.402
distraction,1,0.02,-0.382
restrict,2,0.04,-0.382
hostile,1,0.02,-0.382
severe,1,0.02,-0.382
unsecured,1,0.02,-0.382
dissatisfied,1,0.02,-0.382
interruption,3,0.06,-0.361
adverse,18,0.35,-0.361
disruption,2,0.04,-0.361
suspicious,1,0.02,-0.361
debt,1,0.02,-0.361
difficult,2,0.04,-0.361
disruptions,9,0.18,-0.34
fire,1,0.02,-0.34
errors,1,0.02,-0.34
defect,2,0.04,-0.34
uncertainties,3,0.06,-0.34
uncertainty,3,0.06,-0.34
pressures,2,0.04,-0.318
loss,7,0.14,-0.318
critical,2,0.04,-0.318
weakening,1,0.02,-0.318
disruptive,2,0.04,-0.318
lost,1,0.02,-0.318
delay,2,0.04,-0.318
aggressively,1,0.02,-0.318
anti,2,0.04,-0.318
faulty,1,0.02,-0.318
accidents,6,0.12,-0.318
limitation,1,0.02,-0.296
distracting,2,0.04,-0.296
avoid,1,0.02,-0.296
obsolete,1,0.02,-0.296
stop,2,0.04,-0.296
lower,3,0.06,-0.296
pressure,2,0.04,-0.296
uncertain,2,0.04,-0.296
charges,1,0.02,-0.273
risks,14,0.28,-0.273
low,1,0.02,-0.273
cut,1,0.02,-0.273
disputes,7,0.14,-0.273
limited,10,0.2,-0.226
vulnerable,1,0.02,-0.226
delayed,2,0.04,-0.226
risky,1,0.02,-0.202
liability,5,0.1,-0.202
adversely,44,0.87,-0.202
liabilities,4,0.08,-0.202
litigation,10,0.2,-0.202
shortages,4,0.08,-0.153
expose,1,0.02,-0.153
affected,21,0.41,-0.153
aggressive,2,0.04,-0.153
lowered,1,0.02,-0.128
ineffective,1,0.02,-0.128
exposes,2,0.04,-0.128
demand,19,0.37,-0.128
constrained,1,0.02,-0.103
imposing,1,0.02,-0.103
imposed,1,0.02,-0.077
exposed,5,0.1,-0.077
preventing,1,0.02,-0.026
involving,1,0.02,0.0
others,2,0.04,0.0
alleged,1,0.02,0.0
magnitude,1,0.02,0.0
faced,1,0.02,0.0
continues,1,0.02,0.0
relating,4,0.08,0.0
enabled,1,0.02,0.0
corruption,1,0.02,0.0
enter,2,0.04,0.0
increasing,2,0.04,0.0
foreign,18,0.35,0.0
holding,1,0.02,0.0
royalties,1,0.02,0.0
export,1,0.02,0.0
conducting,1,0.02,0.0
frequently,3,0.06,0.0
unknowingly,1,0.02,0.0
import,1,0.02,0.0
assert,1,0.02,0.0
example,6,0.12,0.0
preclude,1,0.02,0.0
notified,1,0.02,0.0
selling,1,0.02,0.0
tax,13,0.26,0.0
unfavorable,2,0.04,0.0
laundering,1,0.02,0.0
proceedings,6,0.12,0.0
investigations,11,0.22,0.0
arisen,1,0.02,0.0
onerous,1,0.02,0.0
ordinary,1,0.02,0.0
arise,5,0.1,0.0
sometimes,1,0.02,0.0
indemnification,1,0.02,0.0
money,1,0.02,0.0
claim,1,0.02,0.0
repatriation,1,0.02,0.0
practice,1,0.02,0.0
allegations,1,0.02,0.0
cash,6,0.12,0.0
against,8,0.16,0.0
controls,2,0.04,0.0
obtained,4,0.08,0.0
indemnified,2,0.04,0.0
exchange,6,0.12,0.0
internationally,1,0.02,0.0
film,1,0.02,0.0
localization,1,0.02,0.0
incurred,1,0.02,0.0
recorded,1,0.02,0.0
accrual,1,0.02,0.0
privacy,4,0.08,0.0
antitrust,2,0.04,0.0
issuance,1,0.02,0.0
subjects,1,0.02,0.0
asserted,1,0.02,0.0
outcome,4,0.08,0.0
inherently,2,0.04,0.0
possibility,1,0.02,0.0
regulations,9,0.18,0.0
reporting,2,0.04,0.0
period,3,0.06,0.0
types,5,0.1,0.0
insurance,7,0.14,0.0
maintains,3,0.06,0.0
compensatory,1,0.02,0.0
practices,3,0.06,0.0
injunctive,1,0.02,0.0
corporate,1,0.02,0.0
remedial,1,0.02,0.0
trebled,1,0.02,0.0
laws,15,0.29,0.0
least,1,0.02,0.0
opinion,1,0.02,0.0
advertising,1,0.02,0.0
defending,2,0.04,0.0
courts,1,0.02,0.0
several,2,0.04,0.0
jurisdictions,6,0.12,0.0
disgorgement,1,0.02,0.0
plaintiffs,1,0.02,0.0
injunctions,1,0.02,0.0
television,1,0.02,0.0
media,2,0.04,0.0
regardless,1,0.02,0.0
responding,1,0.02,0.0
expensive,4,0.08,0.0
consuming,2,0.04,0.0
communications,1,0.02,0.0
mobile,1,0.02,0.0
telecommunications,2,0.04,0.0
recognition,1,0.02,0.0
internet,1,0.02,0.0
ownership,2,0.04,0.0
considerations,1,0.02,0.0
commerce,2,0.04,0.0
billing,1,0.02,0.0
settle,1,0.02,0.0
contingencies,3,0.06,0.0
heading,1,0.02,0.0
employment,1,0.02,0.0
concerning,1,0.02,0.0
discussion,2,0.04,0.0
patent,4,0.08,0.0
slowdowns,2,0.04,0.0
outages,2,0.04,0.0
specialized,1,0.02,0.0
introduced,1,0.02,0.0
unsafe,1,0.02,0.0
operation,2,0.04,0.0
expectations,6,0.12,0.0
intended,4,0.08,0.0
unexpectedly,1,0.02,0.0
complex,3,0.06,0.0
reputation,11,0.22,0.0
impacted,4,0.08,0.0
negatively,3,0.06,0.0
recoverability,1,0.02,0.0
interfere,1,0.02,0.0
detect,1,0.02,0.0
fix,1,0.02,0.0
widespread,1,0.02,0.0
licensing,1,0.02,0.0
right,3,0.06,0.0
includes,1,0.02,0.0
contracts,2,0.04,0.0
access,11,0.22,0.0
fines,4,0.08,0.0
regulatory,3,0.06,0.0
expenses,7,0.14,0.0
intangible,2,0.04,0.0
plant,2,0.04,0.0
offs,3,0.06,0.0
modifications,1,0.02,0.0
replacements,1,0.02,0.0
recalls,1,0.02,0.0
claims,12,0.24,0.0
terminated,1,0.02,0.0
relatively,2,0.04,0.0
term,5,0.1,0.0
process,3,0.06,0.0
adhere,1,0.02,0.0
relies,6,0.12,0.0
unanticipated,1,0.02,0.0
event,2,0.04,0.0
warranty,4,0.08,0.0
generally,6,0.12,0.0
code,2,0.04,0.0
reimbursement,1,0.02,0.0
provisions,2,0.04,0.0
contain,1,0.02,0.0
previously,1,0.02,0.0
respond,1,0.02,0.0
quantity,1,0.02,0.0
diminished,1,0.02,0.0
expense,1,0.02,0.0
conduct,2,0.04,0.0
occur,5,0.1,0.0
europe,1,0.02,0.0
political,8,0.16,0.0
environmental,3,0.06,0.0
military,1,0.02,0.0
commercial,1,0.02,0.0
made,3,0.06,0.0
man,1,0.02,0.0
variety,4,0.08,0.0
disrupted,1,0.02,0.0
destinations,1,0.02,0.0
transit,1,0.02,0.0
goods,4,0.08,0.0
finished,2,0.04,0.0
perform,2,0.04,0.0
final,3,0.06,0.0
manufacture,4,0.08,0.0
equipment,5,0.1,0.0
coverage,7,0.14,0.0
continuation,1,0.02,0.0
license,4,0.08,0.0
vast,1,0.02,0.0
requiring,2,0.04,0.0
app,3,0.06,0.0
delivers,1,0.02,0.0
correctly,1,0.02,0.0
operate,1,0.02,0.0
generate,1,0.02,0.0
experiences,1,0.02,0.0
keep,2,0.04,0.0
systems,8,0.16,0.0
efforts,1,0.02,0.0
focus,1,0.02,0.0
upgrade,1,0.02,0.0
inclined,2,0.04,0.0
deliver,2,0.04,0.0
retains,2,0.04,0.0
commission,3,0.06,0.0
situations,1,0.02,0.0
extensive,1,0.02,0.0
current,5,0.1,0.0
licenses,3,0.06,0.0
requires,3,0.06,0.0
owned,1,0.02,0.0
designed,4,0.08,0.0
eliminated,1,0.02,0.0
scope,1,0.02,0.0
narrowed,1,0.02,0.0
rate,4,0.08,0.0
decrease,1,0.02,0.0
earns,3,0.06,0.0
volume,2,0.04,0.0
then,1,0.02,0.0
developer,1,0.02,0.0
less,3,0.06,0.0
impossible,2,0.04,0.0
generated,1,0.02,0.0
position,1,0.02,0.0
developers,8,0.16,0.0
piracy,1,0.02,0.0
lessen,1,0.02,0.0
legislation,2,0.04,0.0
propose,1,0.02,0.0
passed,2,0.04,0.0
decisions,1,0.02,0.0
manner,2,0.04,0.0
geographic,3,0.06,0.0
rules,4,0.08,0.0
usage,1,0.02,0.0
limit,5,0.1,0.0
owners,1,0.02,0.0
otherwise,4,0.08,0.0
rights,6,0.12,0.0
cease,1,0.02,0.0
developed,1,0.02,0.0
maintained,1,0.02,0.0
based,3,0.06,0.0
computers,1,0.02,0.0
windows,1,0.02,0.0
tablets,1,0.02,0.0
smartphones,1,0.02,0.0
android,1,0.02,0.0
platforms,6,0.12,0.0
compared,2,0.04,0.0
upgrading,2,0.04,0.0
maintaining,1,0.02,0.0
developing,4,0.08,0.0
relative,4,0.08,0.0
perception,1,0.02,0.0
buy,1,0.02,0.0
choose,2,0.04,0.0
revenue,4,0.08,0.0
store,5,0.1,0.0
profile,2,0.04,0.0
implemented,2,0.04,0.0
ramps,1,0.02,0.0
movement,1,0.02,0.0
freight,1,0.02,0.0
stringent,1,0.02,0.0
environments,1,0.02,0.0
working,1,0.02,0.0
quarterly,2,0.04,0.0
exacerbate,1,0.02,0.0
expenditures,1,0.02,0.0
inefficiencies,1,0.02,0.0
delays,2,0.04,0.0
occurring,1,0.02,0.0
climate,1,0.02,0.0
pandemics,2,0.04,0.0
resume,1,0.02,0.0
nuclear,1,0.02,0.0
fluctuate,2,0.04,0.0
compressed,1,0.02,0.0
extreme,1,0.02,0.0
developments,1,0.02,0.0
unexpected,1,0.02,0.0
portion,3,0.06,0.0
generates,1,0.02,0.0
seasonal,1,0.02,0.0
segments,1,0.02,0.0
year,1,0.02,0.0
quarter,1,0.02,0.0
historically,1,0.02,0.0
mix,3,0.06,0.0
shifts,1,0.02,0.0
delivering,1,0.02,0.0
acquiring,1,0.02,0.0
quarters,1,0.02,0.0
earthquakes,1,0.02,0.0
prone,1,0.02,0.0
surrounding,1,0.02,0.0
especially,1,0.02,0.0
skilled,1,0.02,0.0
team,1,0.02,0.0
officer,1,0.02,0.0
executive,2,0.04,0.0
chief,1,0.02,0.0
silicon,1,0.02,0.0
key,3,0.06,0.0
entities,1,0.02,0.0
press,1,0.02,0.0
website,1,0.02,0.0
disclosure,1,0.02,0.0
makes,1,0.02,0.0
noncompliance,1,0.02,0.0
largely,1,0.02,0.0
valley,1,0.02,0.0
industrial,5,0.1,0.0
sanctions,1,0.02,0.0
mitigate,2,0.04,0.0
notice,1,0.02,0.0
announced,1,0.02,0.0
changed,1,0.02,0.0
offering,1,0.02,0.0
restructure,1,0.02,0.0
exports,1,0.02,0.0
margin,1,0.02,0.0
materials,1,0.02,0.0
raw,1,0.02,0.0
mainland,1,0.02,0.0
imports,2,0.04,0.0
series,1,0.02,0.0
led,1,0.02,0.0
china,2,0.04,0.0
ways,1,0.02,0.0
unrelated,1,0.02,0.0
average,1,0.02,0.0
repurchases,2,0.04,0.0
assemble,1,0.02,0.0
assemblies,1,0.02,0.0
sub,1,0.02,0.0
vendors,2,0.04,0.0
concentrated,2,0.04,0.0
bank,1,0.02,0.0
september,1,0.02,0.0
collateral,1,0.02,0.0
heightened,1,0.02,0.0
vendor,4,0.08,0.0
receivable,1,0.02,0.0
realized,1,0.02,0.0
marketable,4,0.08,0.0
equivalents,2,0.04,0.0
covered,1,0.02,0.0
taxes,4,0.08,0.0
ireland,3,0.06,0.0
organized,1,0.02,0.0
owed,1,0.02,0.0
provision,1,0.02,0.0
adequacy,1,0.02,0.0
examinations,2,0.04,0.0
likelihood,1,0.02,0.0
assesses,1,0.02,0.0
regularly,1,0.02,0.0
bodies,1,0.02,0.0
internal,1,0.02,0.0
examination,1,0.02,0.0
interpretation,1,0.02,0.0
deferred,1,0.02,0.0
valuation,1,0.02,0.0
statutory,1,0.02,0.0
differing,1,0.02,0.0
sovereign,1,0.02,0.0
emerging,1,0.02,0.0
deterioration,1,0.02,0.0
hedges,1,0.02,0.0
investor,1,0.02,0.0
acquire,1,0.02,0.0
obligate,1,0.02,0.0
directors,1,0.02,0.0
board,1,0.02,0.0
declaration,1,0.02,0.0
dollar,7,0.14,0.0
dividends,2,0.04,0.0
program,2,0.04,0.0
repurchase,2,0.04,0.0
grow,1,0.02,0.0
dividend,1,0.02,0.0
reflect,2,0.04,0.0
point,1,0.02,0.0
consummated,1,0.02,0.0
local,1,0.02,0.0
currencies,5,0.1,0.0
primary,1,0.02,0.0
hedging,1,0.02,0.0
exposures,1,0.02,0.0
hedge,1,0.02,0.0
option,1,0.02,0.0
conversely,1,0.02,0.0
offset,2,0.04,0.0
reducing,1,0.02,0.0
raise,2,0.04,0.0
leads,1,0.02,0.0
earnings,3,0.06,0.0
denominated,5,0.1,0.0
non,7,0.14,0.0
relates,1,0.02,0.0
movements,2,0.04,0.0
exposure,4,0.08,0.0
portfolio,1,0.02,0.0
complying,1,0.02,0.0
jurisdiction,2,0.04,0.0
inconsistent,1,0.02,0.0
power,3,0.06,0.0
ventures,1,0.02,0.0
tangible,1,0.02,0.0
regions,2,0.04,0.0
involve,1,0.02,0.0
endeavors,1,0.02,0.0
acts,2,0.04,0.0
contemplated,1,0.02,0.0
present,1,0.02,0.0
ongoing,2,0.04,0.0
disrupt,2,0.04,0.0
strategies,2,0.04,0.0
leases,1,0.02,0.0
construction,1,0.02,0.0
originally,1,0.02,0.0
viruses,1,0.02,0.0
physical,1,0.02,0.0
electronic,1,0.02,0.0
releases,3,0.06,0.0
unauthorized,4,0.08,0.0
shipping,1,0.02,0.0
impeding,1,0.02,0.0
transactions,2,0.04,0.0
interfering,1,0.02,0.0
things,4,0.08,0.0
among,6,0.12,0.0
eventualities,2,0.04,0.0
planning,1,0.02,0.0
recovery,2,0.04,0.0
continuity,2,0.04,0.0
redundancy,1,0.02,0.0
ins,1,0.02,0.0
break,1,0.02,0.0
general,2,0.04,0.0
confidential,10,0.2,0.0
macro,1,0.02,0.0
severance,1,0.02,0.0
regulate,1,0.02,0.0
proposals,1,0.02,0.0
legislative,1,0.02,0.0
enacted,1,0.02,0.0
aggregate,2,0.04,0.0
individually,2,0.04,0.0
modify,1,0.02,0.0
penalties,4,0.08,0.0
instances,1,0.02,0.0
found,1,0.02,0.0
agents,1,0.02,0.0
applicable,1,0.02,0.0
procedures,4,0.08,0.0
policies,3,0.06,0.0
scrutiny,1,0.02,0.0
acquisitions,3,0.06,0.0
outcomes,1,0.02,0.0
leasehold,2,0.04,0.0
termination,1,0.02,0.0
individual,2,0.04,0.0
closure,1,0.02,0.0
typical,1,0.02,0.0
size,1,0.02,0.0
elements,1,0.02,0.0
awareness,1,0.02,0.0
brand,1,0.02,0.0
venues,1,0.02,0.0
arrangements,8,0.16,0.0
serve,1,0.02,0.0
built,1,0.02,0.0
space,1,0.02,0.0
lease,2,0.04,0.0
personnel,5,0.1,0.0
pose,1,0.02,0.0
making,2,0.04,0.0
personally,2,0.04,0.0
reputational,2,0.04,0.0
liable,2,0.04,0.0
law,1,0.02,0.0
permitted,1,0.02,0.0
handled,1,0.02,0.0
comply,2,0.04,0.0
adequately,1,0.02,0.0
investigatory,2,0.04,0.0
governmental,3,0.06,0.0
notification,1,0.02,0.0
card,5,0.1,0.0
specific,2,0.04,0.0
impede,1,0.02,0.0
accounts,2,0.04,0.0
unusual,1,0.02,0.0
audit,2,0.04,0.0
cardholder,1,0.02,0.0
potentially,2,0.04,0.0
compromised,1,0.02,0.0
considering,1,0.02,0.0
area,1,0.02,0.0
subsidiaries,2,0.04,0.0
transfers,1,0.02,0.0
apply,1,0.02,0.0
transfer,1,0.02,0.0
retention,2,0.04,0.0
collection,1,0.02,0.0
state,2,0.04,0.0
federal,2,0.04,0.0
aspects,1,0.02,0.0
address,1,0.02,0.0
cards,1,0.02,0.0
transaction,1,0.02,0.0
follow,2,0.04,0.0
monitors,1,0.02,0.0
identifiable,2,0.04,0.0
used,1,0.02,0.0
passwords,1,0.02,0.0
retain,1,0.02,0.0
impair,1,0.02,0.0
incident,1,0.02,0.0
confidentiality,1,0.02,0.0
compromises,1,0.02,0.0
impacting,1,0.02,0.0
judgments,1,0.02,0.0
breach,2,0.04,0.0
steps,1,0.02,0.0
takes,1,0.02,0.0
absolute,1,0.02,0.0
encryption,2,0.04,0.0
pii,5,0.1,0.0
consequences,2,0.04,0.0
always,1,0.02,0.0
malicious,1,0.02,0.0
perpetrated,1,0.02,0.0
targeted,1,0.02,0.0
names,1,0.02,0.0
user,1,0.02,0.0
disclosing,1,0.02,0.0
induce,1,0.02,0.0
fraudulently,1,0.02,0.0
irregularities,1,0.02,0.0
password,1,0.02,0.0
malfeasance,1,0.02,0.0
employee,3,0.06,0.0
hacking,1,0.02,0.0
authentication,1,0.02,0.0
sensitive,2,0.04,0.0
processes,2,0.04,0.0
manages,1,0.02,0.0
owns,1,0.02,0.0
turn,1,0.02,0.0
transportation,1,0.02,0.0
changing,5,0.1,0.0
outsourced,1,0.02,0.0
income,1,0.02,0.0
declines,2,0.04,0.0
mortgage,1,0.02,0.0
estate,1,0.02,0.0
real,1,0.02,0.0
news,1,0.02,0.0
market,11,0.22,0.0
spending,2,0.04,0.0
fluctuations,10,0.2,0.0
currency,10,0.2,0.0
high,5,0.1,0.0
rates,10,0.2,0.0
higher,4,0.08,0.0
tighter,1,0.02,0.0
policy,2,0.04,0.0
fuel,1,0.02,0.0
monetary,2,0.04,0.0
costs,17,0.33,0.0
healthcare,3,0.06,0.0
purchases,6,0.12,0.0
finance,1,0.02,0.0
obtain,10,0.2,0.0
instability,1,0.02,0.0
potential,4,0.08,0.0
carriers,9,0.18,0.0
network,10,0.2,0.0
cellular,7,0.14,0.0
distributors,4,0.08,0.0
providers,6,0.12,0.0
logistics,5,0.1,0.0
manufacturers,5,0.1,0.0
contract,4,0.08,0.0
suppliers,15,0.29,0.0
decline,4,0.08,0.0
labor,4,0.08,0.0
insolvency,1,0.02,0.0
fiscal,2,0.04,0.0
trade,21,0.41,0.0
effect,6,0.12,0.0
affects,2,0.04,0.0
structure,2,0.04,0.0
cost,17,0.33,0.0
plans,2,0.04,0.0
strategic,2,0.04,0.0
execute,1,0.02,0.0
channels,3,0.06,0.0
distribution,6,0.12,0.0
effects,6,0.12,0.0
material,9,0.18,0.0
include,7,0.14,0.0
impacts,3,0.06,0.0
additional,4,0.08,0.0
products,94,1.85,0.0
heightening,1,0.02,0.0
changes,14,0.28,0.0
regional,5,0.1,0.0
international,19,0.37,0.0
barriers,1,0.02,0.0
tariffs,5,0.1,0.0
new,35,0.69,0.0
slower,1,0.02,0.0
inflation,1,0.02,0.0
macroeconomic,1,0.02,0.0
result,22,0.43,0.0
located,6,0.12,0.0
activities,2,0.04,0.0
assembly,2,0.04,0.0
addition,16,0.31,0.0
net,7,0.14,0.0
total,1,0.02,0.0
majority,4,0.08,0.0
representing,1,0.02,0.0
conditions,12,0.24,0.0
consumer,7,0.14,0.0
downturn,1,0.02,0.0
lead,2,0.04,0.0
applications,18,0.35,0.0
much,3,0.06,0.0
numerous,5,0.1,0.0
system,8,0.16,0.0
hardware,7,0.14,0.0
entire,1,0.02,0.0
nearly,1,0.02,0.0
develops,1,0.02,0.0
designs,1,0.02,0.0
unique,2,0.04,0.0
believes,8,0.16,0.0
marketplace,1,0.02,0.0
technologies,4,0.08,0.0
timely,3,0.06,0.0
heavily,1,0.02,0.0
related,6,0.12,0.0
depends,8,0.16,0.0
make,9,0.18,0.0
there,15,0.29,0.0
primarily,4,0.08,0.0
seek,4,0.08,0.0
contrast,1,0.02,0.0
register,1,0.02,0.0
applied,1,0.02,0.0
registered,1,0.02,0.0
copyrights,2,0.04,0.0
trademarks,2,0.04,0.0
patents,6,0.12,0.0
holds,1,0.02,0.0
develop,7,0.14,0.0
able,6,0.12,0.0
returns,2,0.04,0.0
expected,4,0.08,0.0
achieve,1,0.02,0.0
investments,3,0.06,0.0
environment,1,0.02,0.0
consumers,2,0.04,0.0
competitors,10,0.2,0.0
unable,4,0.08,0.0
change,10,0.2,0.0
technological,4,0.08,0.0
rapid,6,0.12,0.0
highly,4,0.08,0.0
instruments,3,0.06,0.0
liquidity,3,0.06,0.0
reduced,4,0.08,0.0
issue,1,0.02,0.0
limitations,2,0.04,0.0
institutions,2,0.04,0.0
counterparties,1,0.02,0.0
derivative,3,0.06,0.0
receivables,8,0.16,0.0
collectibility,2,0.04,0.0
compete,5,0.1,0.0
sensitivity,1,0.02,0.0
offered,2,0.04,0.0
competition,8,0.16,0.0
advancements,1,0.02,0.0
adoption,2,0.04,0.0
characteristics,1,0.02,0.0
continual,1,0.02,0.0
standards,3,0.06,0.0
industry,10,0.2,0.0
evolving,1,0.02,0.0
cycles,2,0.04,0.0
life,2,0.04,0.0
product,35,0.69,0.0
short,2,0.04,0.0
introduction,4,0.08,0.0
frequent,2,0.04,0.0
margins,9,0.18,0.0
downward,2,0.04,0.0
characterized,1,0.02,0.0
economy,3,0.06,0.0
protective,3,0.06,0.0
compliance,4,0.08,0.0
covid,9,0.18,0.0
periods,3,0.06,0.0
anticipate,1,0.02,0.0
trends,2,0.04,0.0
historical,1,0.02,0.0
use,10,0.2,0.0
investors,1,0.02,0.0
indicator,1,0.02,0.0
reliable,1,0.02,0.0
considered,1,0.02,0.0
performance,12,0.24,0.0
affecting,5,0.1,0.0
price,20,0.39,0.0
stock,15,0.29,0.0
affect,26,0.51,0.0
pandemic,11,0.22,0.0
whole,3,0.06,0.0
spread,1,0.02,0.0
throughout,1,0.02,0.0
shelter,1,0.02,0.0
quarantines,1,0.02,0.0
closures,1,0.02,0.0
temporary,2,0.04,0.0
travel,2,0.04,0.0
restrictions,8,0.16,0.0
included,1,0.02,0.0
response,5,0.1,0.0
measures,16,0.31,0.0
unprecedented,1,0.02,0.0
take,6,0.12,0.0
businesses,6,0.12,0.0
governments,1,0.02,0.0
prompting,1,0.02,0.0
world,2,0.04,0.0
rapidly,1,0.02,0.0
place,2,0.04,0.0
future,23,0.45,0.0
past,3,0.06,0.0
operations,25,0.49,0.0
results,41,0.81,0.0
condition,37,0.73,0.0
financial,55,1.08,0.0
analysis,3,0.06,0.0
management,11,0.22,0.0
conjunction,1,0.02,0.0
read,1,0.02,0.0
information,24,0.47,0.0
form,4,0.08,0.0
understanding,1,0.02,0.0
statements,8,0.16,0.0
looking,1,0.02,0.0
forward,2,0.04,0.0
contains,1,0.02,0.0
consolidated,2,0.04,0.0
anticipated,7,0.14,0.0
accompanying,1,0.02,0.0
data,16,0.31,0.0
materially,29,0.57,0.0
vary,3,0.06,0.0
actual,1,0.02,0.0
cause,5,0.1,0.0
indirectly,1,0.02,0.0
directly,3,0.06,0.0
below,1,0.02,0.0
described,5,0.1,0.0
including,34,0.67,0.0
unknown,1,0.02,0.0
known,1,0.02,0.0
currently,10,0.2,0.0
company,368,7.24,0.0
operating,41,0.81,0.0
business,47,0.92,0.0
supplementary,1,0.02,0.0
orders,4,0.08,0.0
significantly,7,0.14,0.0
curtailed,1,0.02,0.0
actions,8,0.16,0.0
appropriate,2,0.04,0.0
situation,1,0.02,0.0
monitor,2,0.04,0.0
continuing,2,0.04,0.0
remotely,1,0.02,0.0
work,2,0.04,0.0
substantially,6,0.12,0.0
required,5,0.1,0.0
customers,16,0.31,0.0
employees,7,0.14,0.0
health,11,0.22,0.0
public,10,0.2,0.0
subject,35,0.69,0.0
reopened,1,0.02,0.0
accordance,2,0.04,0.0
cases,2,0.04,0.0
recommendations,1,0.02,0.0
relevant,1,0.02,0.0
imposition,2,0.04,0.0
vaccines,1,0.02,0.0
treatments,1,0.02,0.0
availability,12,0.24,0.0
development,3,0.06,0.0
duration,1,0.02,0.0
trajectory,1,0.02,0.0
timing,1,0.02,0.0
control,4,0.08,0.0
outside,5,0.1,0.0
depend,5,0.1,0.0
operational,2,0.04,0.0
extent,3,0.06,0.0
full,1,0.02,0.0
authorities,3,0.06,0.0
requirements,8,0.16,0.0
times,3,0.06,0.0
various,7,0.14,0.0
closed,1,0.02,0.0
manufacturing,17,0.33,0.0
experienced,6,0.12,0.0
virus,1,0.02,0.0
outbreak,1,0.02,0.0
initial,2,0.04,0.0
impact,22,0.43,0.0
countries,7,0.14,0.0
many,16,0.31,0.0
taken,1,0.02,0.0
markets,12,0.24,0.0
volatility,6,0.12,0.0
caused,2,0.04,0.0
activity,3,0.06,0.0
economic,15,0.29,0.0
global,19,0.37,0.0
supply,24,0.47,0.0
chain,7,0.14,0.0
logistical,2,0.04,0.0
services,56,1.1,0.0
temporarily,1,0.02,0.0
sale,2,0.04,0.0
points,2,0.04,0.0
partner,2,0.04,0.0
channel,4,0.08,0.0
stores,12,0.24,0.0
retail,13,0.26,0.0
pricing,8,0.16,0.0
course,2,0.04,0.0
worldwide,3,0.06,0.0
sales,29,0.57,0.0
iphone,2,0.04,0.0
resulting,5,0.1,0.0
partners,18,0.35,0.0
outsourcing,10,0.2,0.0
provided,4,0.08,0.0
during,2,0.04,0.0
structures,3,0.06,0.0
software,17,0.33,0.0
infringing,2,0.04,0.0
component,6,0.12,0.0
records,2,0.04,0.0
cancellation,2,0.04,0.0
downs,2,0.04,0.0
write,7,0.14,0.0
ordering,1,0.02,0.0
reduce,5,0.1,0.0
regarding,3,0.06,0.0
distributing,1,0.02,0.0
incremental,1,0.02,0.0
return,2,0.04,0.0
investment,8,0.16,0.0
require,8,0.16,0.0
displays,1,0.02,0.0
placement,1,0.02,0.0
inventories,1,0.02,0.0
contractors,2,0.04,0.0
become,2,0.04,0.0
exceeds,2,0.04,0.0
whenever,1,0.02,0.0
impairment,3,0.06,0.0
prepayments,8,0.16,0.0
facilities,3,0.06,0.0
held,2,0.04,0.0
capital,3,0.06,0.0
lived,1,0.02,0.0
long,6,0.12,0.0
reviews,1,0.02,0.0
excess,3,0.06,0.0
reserves,1,0.02,0.0
fee,1,0.02,0.0
necessary,2,0.04,0.0
accrues,1,0.02,0.0
realizable,1,0.02,0.0
exceed,2,0.04,0.0
selected,1,0.02,0.0
staffing,1,0.02,0.0
reseller,1,0.02,0.0
education,2,0.04,0.0
sized,2,0.04,0.0
mid,2,0.04,0.0
small,3,0.06,0.0
major,2,0.04,0.0
resells,1,0.02,0.0
sells,3,0.06,0.0
competing,3,0.06,0.0
distribute,2,0.04,0.0
distributes,2,0.04,0.0
resellers,8,0.16,0.0
retailers,3,0.06,0.0
wholesalers,3,0.06,0.0
ultimate,2,0.04,0.0
advance,3,0.06,0.0
enterprise,2,0.04,0.0
government,11,0.22,0.0
online,2,0.04,0.0
emulating,1,0.02,0.0
programs,2,0.04,0.0
invest,3,0.06,0.0
invested,3,0.06,0.0
into,9,0.18,0.0
enters,1,0.02,0.0
renewal,2,0.04,0.0
upon,2,0.04,0.0
events,7,0.14,0.0
amounts,4,0.08,0.0
offers,4,0.08,0.0
device,1,0.02,0.0
subsidies,1,0.02,0.0
payment,7,0.14,0.0
installment,1,0.02,0.0
financing,2,0.04,0.0
force,2,0.04,0.0
continued,7,0.14,0.0
determine,2,0.04,0.0
circumstances,3,0.06,0.0
recoverable,2,0.04,0.0
constraints,1,0.02,0.0
capacity,1,0.02,0.0
uses,2,0.04,0.0
source,4,0.08,0.0
custom,1,0.02,0.0
often,4,0.08,0.0
increases,2,0.04,0.0
remains,2,0.04,0.0
limiting,4,0.08,0.0
further,5,0.1,0.0
particular,2,0.04,0.0
consolidation,1,0.02,0.0
similar,1,0.02,0.0
renew,2,0.04,0.0
entered,3,0.06,0.0
exist,2,0.04,0.0
commodity,1,0.02,0.0
until,1,0.02,0.0
matured,1,0.02,0.0
locations,5,0.1,0.0
concentration,1,0.02,0.0
asia,4,0.08,0.0
performed,2,0.04,0.0
alternative,1,0.02,0.0
identify,1,0.02,0.0
depending,1,0.02,0.0
completed,1,0.02,0.0
customized,1,0.02,0.0
instead,1,0.02,0.0
common,1,0.02,0.0
concentrate,1,0.02,0.0
decide,2,0.04,0.0
reasons,3,0.06,0.0
capacities,1,0.02,0.0
yields,1,0.02,0.0
wide,3,0.06,0.0
multiple,2,0.04,0.0
sources,4,0.08,0.0
shipments,2,0.04,0.0
announcements,1,0.02,0.0
builds,1,0.02,0.0
obsolescence,1,0.02,0.0
pace,2,0.04,0.0
unpredictable,1,0.02,0.0
impairments,1,0.02,0.0
fees,3,0.06,0.0
incur,5,0.1,0.0
given,5,0.1,0.0
carrying,1,0.02,0.0
amount,2,0.04,0.0
equal,1,0.02,0.0
occurred,1,0.02,0.0
determines,1,0.02,0.0
obligations,5,0.1,0.0
cover,4,0.08,0.0
forecasted,1,0.02,0.0
typically,1,0.02,0.0
single,5,0.1,0.0
obtains,1,0.02,0.0
terms,12,0.24,0.0
reasonable,13,0.26,0.0
commercially,10,0.2,0.0
sufficient,6,0.12,0.0
firm,1,0.02,0.0
indicate,1,0.02,0.0
utilize,2,0.04,0.0
insufficient,4,0.08,0.0
produce,1,0.02,0.0
order,1,0.02,0.0
incorrectly,1,0.02,0.0
forecast,1,0.02,0.0
technology,16,0.31,0.0
days,1,0.02,0.0
fully,3,0.06,0.0
cannot,2,0.04,0.0
direct,2,0.04,0.0
quality,7,0.14,0.0
experience,10,0.2,0.0
provide,6,0.12,0.0
little,3,0.06,0.0
even,1,0.02,0.0
competes,6,0.12,0.0
time,16,0.31,0.0
contracted,1,0.02,0.0
overall,1,0.02,0.0
additionally,4,0.08,0.0
imitate,2,0.04,0.0
features,2,0.04,0.0
collaborate,1,0.02,0.0
offer,10,0.2,0.0
expects,2,0.04,0.0
prices,4,0.08,0.0
deficiencies,1,0.02,0.0
approach,1,0.02,0.0
providing,2,0.04,0.0
components,27,0.53,0.0
seamlessly,1,0.02,0.0
offerings,5,0.1,0.0
collaboratively,1,0.02,0.0
integrated,1,0.02,0.0
face,2,0.04,0.0
service,16,0.31,0.0
large,2,0.04,0.0
customer,8,0.16,0.0
bases,1,0.02,0.0
models,1,0.02,0.0
users,3,0.06,0.0
intensify,1,0.02,0.0
particularly,2,0.04,0.0
devices,2,0.04,0.0
base,1,0.02,0.0
property,15,0.29,0.0
protection,5,0.1,0.0
consistently,1,0.02,0.0
available,8,0.16,0.0
every,1,0.02,0.0
country,1,0.02,0.0
operates,1,0.02,0.0
continue,11,0.22,0.0
sell,2,0.04,0.0
infringe,2,0.04,0.0
maintain,4,0.08,0.0
minority,2,0.04,0.0
smartphone,2,0.04,0.0
personal,4,0.08,0.0
computer,3,0.06,0.0
tablet,2,0.04,0.0
faces,2,0.04,0.0
installed,1,0.02,0.0
larger,2,0.04,0.0
priced,1,0.02,0.0
lines,1,0.02,0.0
broader,1,0.02,0.0
relationships,6,0.12,0.0
illegitimate,1,0.02,0.0
supplier,5,0.1,0.0
digital,11,0.22,0.0
established,2,0.04,0.0
resources,6,0.12,0.0
marketing,2,0.04,0.0
technical,2,0.04,0.0
companies,8,0.16,0.0
content,18,0.35,0.0
means,1,0.02,0.0
accrued,1,0.02,0.0
issues,11,0.22,0.0
introductions,6,0.12,0.0
remain,1,0.02,0.0
application,2,0.04,0.0
existing,4,0.08,0.0
ramp,1,0.02,0.0
transition,1,0.02,0.0
design,4,0.08,0.0
functional,1,0.02,0.0
purchase,6,0.12,0.0
transitions,2,0.04,0.0
continually,2,0.04,0.0
introduce,1,0.02,0.0
enhance,2,0.04,0.0
levels,2,0.04,0.0
line,1,0.02,0.0
upgraded,2,0.04,0.0
due,6,0.12,0.0
production,4,0.08,0.0
quantities,5,0.1,0.0
associated,10,0.2,0.0
volatile,2,0.04,0.0
meet,4,0.08,0.0
nature,1,0.02,0.0
industries,4,0.08,0.0
inventory,10,0.2,0.0
manage,7,0.14,0.0
matters,4,0.08,0.026
prevent,1,0.02,0.026
reach,1,0.02,0.026
freeze,1,0.02,0.052
challenges,2,0.04,0.077
intense,4,0.08,0.077
number,9,0.18,0.077
vigorously,1,0.02,0.128
commitments,5,0.1,0.128
legal,11,0.22,0.128
adopt,2,0.04,0.178
assets,9,0.18,0.178
competitive,10,0.2,0.178
solutions,5,0.1,0.178
extend,1,0.02,0.178
resolved,3,0.06,0.178
important,1,0.02,0.202
substantial,11,0.22,0.202
significant,32,0.63,0.202
stimulate,3,0.06,0.226
compelling,1,0.02,0.226
guarantee,1,0.02,0.25
advantage,3,0.06,0.25
certain,16,0.31,0.273
well,7,0.14,0.273
create,2,0.04,0.273
ensuring,1,0.02,0.273
creates,1,0.02,0.273
profitability,3,0.06,0.273
energy,1,0.02,0.273
agreements,13,0.26,0.273
increased,7,0.14,0.273
securities,2,0.04,0.296
shares,1,0.02,0.296
share,7,0.14,0.296
increase,8,0.16,0.318
improvements,2,0.04,0.318
ability,19,0.37,0.318
solution,1,0.02,0.318
fair,2,0.04,0.318
acceptable,3,0.06,0.318
responsible,1,0.02,0.318
expand,1,0.02,0.318
assurance,14,0.28,0.34
flexibility,1,0.02,0.34
secure,3,0.06,0.34
value,12,0.24,0.34
devote,1,0.02,0.34
security,12,0.24,0.34
asset,2,0.04,0.361
greater,3,0.06,0.361
natural,6,0.12,0.361
attract,1,0.02,0.361
advantages,1,0.02,0.361
resolve,1,0.02,0.382
promote,1,0.02,0.382
benefits,2,0.04,0.382
credit,10,0.2,0.382
ensure,2,0.04,0.382
integrity,1,0.02,0.382
growth,9,0.18,0.382
devotes,1,0.02,0.382
protect,3,0.06,0.382
commitment,2,0.04,0.382
assuring,1,0.02,0.382
party,24,0.47,0.402
support,2,0.04,0.402
holiday,1,0.02,0.402
determination,1,0.02,0.402
help,2,0.04,0.402
values,2,0.04,0.402
parties,9,0.18,0.402
active,1,0.02,0.402
safety,5,0.1,0.421
improving,1,0.02,0.421
merit,1,0.02,0.421
profit,2,0.04,0.44
innovative,3,0.06,0.44
beneficial,1,0.02,0.44
safe,1,0.02,0.44
improve,1,0.02,0.44
attractive,2,0.04,0.44
effectively,7,0.14,0.44
profits,1,0.02,0.44
improvement,1,0.02,0.459
talents,1,0.02,0.459
acceptance,2,0.04,0.459
interest,2,0.04,0.459
benefit,1,0.02,0.459
relief,1,0.02,0.477
improved,1,0.02,0.477
respect,1,0.02,0.477
effective,7,0.14,0.477
strengthening,3,0.06,0.494
successfully,4,0.08,0.494
confidence,3,0.06,0.511
free,1,0.02,0.511
intellectual,13,0.26,0.511
gain,1,0.02,0.527
sophisticated,1,0.02,0.557
success,3,0.06,0.572
successful,2,0.04,0.586
outstanding,1,0.02,0.612
